INSERT INTO Department (department_id, name) VALUES
(101, 'Computer Science'),
(102, 'Electrical Engineering'),
(103, 'Mechanical Engineering'),
(104, 'Civil Engineering'),
(105, 'Business Administration'),
(106, 'Biology'),
(107, 'Physics'),
(108, 'Mathematics'),
(109, 'History'),
(110, 'English'),
(111, 'Chemistry'),
(112, 'Economics'),
(113, 'Sociology'),
(114, 'Psychology'),
(115, 'Political Science');

INSERT INTO Student (student_id, name, email, department_id, admission_year) VALUES
(1001, 'Alice Smith', 'alice.smith@example.com', 101, 2021),
(1002, 'Bob Johnson', 'bob.johnson@example.com', 102, 2020),
(1003, 'Charlie Brown', 'charlie.brown@example.com', 101, 2022),
(1004, 'David Wilson', 'david.wilson@example.com', 103, 2021),
(1005, 'Emily Davis', 'emily.davis@example.com', 101, 2023),
(1006, 'Frank Miller', 'frank.miller@example.com', 104, 2020),
(1007, 'Grace Taylor', 'grace.taylor@example.com', 105, 2022),
(1008, 'Henry Anderson', 'henry.anderson@example.com', 102, 2021),
(1009, 'Isabella Martinez', 'isabella.martinez@example.com', 106, 2023),
(1010, 'Jack Robinson', 'jack.robinson@example.com', 107, 2020),
(1011, 'Kathy Williams', 'kathy.williams@example.com', 101, 2020),
(1012, 'Larry Brown', 'larry.brown@example.com', 101, 2020),
(1013, 'Mia Davis', 'mia.davis@example.com', 101, 2021),
(1014, 'Noah Wilson', 'noah.wilson@example.com', 102, 2021),
(1015, 'Olivia Smith', 'olivia.smith@example.com', 103, 2022),
(1016, 'Peter Johnson', 'peter.johnson@example.com', 104, 2022),
(1017, 'Quinn Taylor', 'quinn.taylor@example.com', 105, 2023),
(1018, 'Ryan Anderson', 'ryan.anderson@example.com', 106, 2023),
(1019, 'Sophia Martinez', 'sophia.martinez@example.com', 107, 2021),
(1020, 'Thomas Robinson', 'thomas.robinson@example.com', 108, 2022),
(1021, 'Uma Patel', 'uma.patel@example.com', 108, 2024),
(1022, 'Vikram Singh', 'vikram.singh@example.com', 109, 2023),
(1023, 'Wanda White', 'wanda.white@example.com', 110, 2022),
(1024, 'Xavier Young', 'xavier.young@example.com', 109, 2021),
(1025, 'Yasmine Green', 'yasmine.green@example.com', 110, 2024),
(1026, 'Zachary Black', 'zachary.black@example.com', 105, 2020),
(1027, 'Ava Grey', 'ava.grey@example.com', 106, 2021),
(1028, 'Caleb King', 'caleb.king@example.com', 107, 2022),
(1029, 'Zoey Hall', 'zoey.hall@example.com', 108, 2023),
(1030, 'Aaron Wright', 'aaron.wright@example.com', 109, 2024);

INSERT INTO Professor (professor_id, name, email, department_id) VALUES
(2004, 'Dr. Alice Brown', 'alice.brown@example.com', 103),
(2005, 'Dr. Michael Davis', 'michael.davis@example.com', 101),
(2006, 'Dr. Jennifer Wilson', 'jennifer.wilson@example.com', 104),
(2007, 'Dr. David Garcia', 'david.garcia@example.com', 105),
(2008, 'Dr. Linda Rodriguez', 'linda.rodriguez@example.com', 102),
(2009, 'Dr. Christopher Williams', 'chris.williams@example.com', 106),
(2010, 'Dr. Angela Garcia', 'angela.garcia@example.com', 107),
(2011, 'Dr. Sarah Martinez', 'sarah.martinez@example.com', 101),
(2012, 'Dr. Daniel Robinson', 'daniel.robinson@example.com', 102),
(2013, 'Dr. Jessica Perez', 'jessica.perez@example.com', 103),
(2014, 'Dr. Paul Anderson', 'paul.anderson@example.com', 104),
(2015, 'Dr. Nicole Thomas', 'nicole.thomas@example.com', 105),
(2016, 'Dr. Brian Jackson', 'brian.jackson@example.com', 106),
(2017, 'Dr. Michelle White', 'michelle.white@example.com', 107),
(2018, 'Dr. Kevin Harris', 'kevin.harris@example.com', 108),
(2019, 'Dr. Kimberly Martin', 'kimberly.martin@example.com', 109),
(2020, 'Dr. Richard Garcia', 'richard.garcia@example.com', 110),
(2021, 'Dr. Maria Hernandez', 'maria.hernandez@example.com', 101),
(2022, 'Dr. Jose Martinez', 'jose.martinez@example.com', 103),
(2023, 'Dr. Patricia Wilson', 'patricia.wilson@example.com', 105),
(2024, 'Dr. James Anderson', 'james.anderson@example.com', 107),
(2025, 'Dr. Mary Thomas', 'mary.thomas@example.com', 109),
(2026, 'Dr. Robert Jackson', 'robert.jackson@example.com', 102),
(2027, 'Dr. Linda White', 'linda.white@example.com', 104),
(2028, 'Dr. David Harris', 'david.harris@example.com', 106),
(2029, 'Dr. Jennifer Martin', 'jennifer.martin@example.com', 108),
(2030, 'Dr. Christopher Garcia', 'chris.garcia@example.com', 110);

INSERT INTO Course (course_id, title, credits, department_id) VALUES
(3001, 'Introduction to Programming', 3, 101),
(3002, 'Data Structures and Algorithms', 4, 101),
(3003, 'Circuit Analysis', 3, 102),
(3004, 'Thermodynamics', 4, 103),
(3005, 'Database Systems', 3, 101),
(3006, 'Electromagnetics', 4, 102),
(3007, 'Fluid Mechanics', 3, 103),
(3008, 'Organic Chemistry', 5, 104),
(3009, 'Microbiology', 4, 106),
(3010, 'Classical Mechanics', 3, 107),
(3011, 'Linear Algebra', 3, 108),
(3012, 'British Literature I', 3, 110),
(3013, 'American History I', 3, 109),
(3014, 'Operating Systems', 3, 101),
(3015, 'Digital Signal Processing', 4, 102),
(3016, 'Heat Transfer', 3, 103),
(3017, 'Inorganic Chemistry', 4, 104),
(3018, 'Genetics', 4, 106),
(3019, 'Quantum Mechanics', 3, 107),
(3020, 'Differential Equations', 4, 108),
(3021, 'British Literature II', 3, 110),
(3022, 'American History II', 3, 109),
(3023, 'Software Engineering', 3, 101),
(3024, 'Communication Systems', 4, 102),
(3025, 'Control Systems', 3, 103),
(3026, 'Analytical Chemistry', 4, 104),
(3027, 'Immunology', 4, 106),
(3028, 'Statistical Mechanics', 3, 107),
(3029, 'Real Analysis', 4, 108),
(3030, 'Shakespeare', 3, 110);


INSERT INTO Term (term_id, name, start_date, end_date) VALUES
(4001, 'Fall 2023', '2023-09-01', '2023-12-15'),
(4002, 'Spring 2024', '2024-01-15', '2024-05-10'),
(4003, 'Summer 2024', '2024-06-01', '2024-08-15'),
(4004, 'Fall 2024', '2024-09-01', '2024-12-15'),
(4005, 'Spring 2025', '2025-01-15', '2025-05-10');


INSERT INTO Enrollment (student_id, course_id, term_id, enroll_date) VALUES

(1001, 3002, 4001, '2023-09-05'),
(1001, 3005, 4001, '2023-09-06'),
(1002, 3006, 4001, '2023-09-07'),
(1003, 3001, 4001, '2023-09-08'),
(1004, 3004, 4002, '2024-01-21'),
(1005, 3001, 4002, '2024-01-22'),
(1005, 3005, 4002, '2024-01-23'),
(1006, 3008, 4002, '2024-02-01'),
(1007, 3009, 4002, '2024-02-02'),
(1008, 3003, 4002, '2024-02-03'),
(1009, 3010, 4002, '2024-02-04'),
(1010, 3011, 4002, '2024-02-05'),
(1001, 3007, 4003, '2024-06-05'),
(1002, 3008, 4003, '2024-06-06'),
(1003, 3009, 4003, '2024-06-07'),
(1004, 3010, 4003, '2024-06-08'),
(1005, 3011, 4003, '2024-06-09'),
(1011, 3001, 4001, '2023-09-05'),
(1011, 3014, 4001, '2023-09-08'),
(1012, 3002, 4001, '2023-09-06'),
(1012, 3015, 4001, '2023-09-09'),
(1013, 3003, 4001, '2023-09-07'),
(1013, 3016, 4002, '2024-01-20'),
(1014, 3004, 4002, '2024-01-21'),
(1014, 3017, 4002, '2024-01-24'),
(1015, 3005, 4002, '2024-01-22'),
(1015, 3018, 4002, '2024-01-25'),
(1016, 3006, 4002, '2024-01-23'),
(1016, 3019, 4003, '2024-06-05'),
(1017, 3007, 4003, '2024-06-06'),
(1017, 3020, 4003, '2024-06-09'),
(1018, 3008, 4003, '2024-06-07'),
(1018, 3021, 4003, '2024-06-10'),
(1019, 3009, 4003, '2024-06-08'),
(1019, 3022, 4004, '2024-09-05'),
(1020, 3010, 4004, '2024-09-06'),
(1021, 3011, 4004, '2024-09-07'),
(1022, 3012, 4004, '2024-09-08'),
(1023, 3013, 4004, '2024-09-09'),
(1024, 3014, 4004, '2024-09-10'),
(1025, 3015, 4004, '2024-09-11'),
(1026, 3016, 4004, '2024-09-12'),
(1027, 3017, 4004, '2024-09-13'),
(1028, 3018, 4004, '2024-09-14'),
(1029, 3019, 4005, '2025-01-20'),
(1030, 3020, 4005, '2025-01-21');

INSERT INTO Room (room_id, building, capacity) VALUES
(5001, 'Building A', 50),
(5002, 'Building B', 30),
(5003, 'Building C', 100),
(5004, 'Building A', 40),
(5005, 'Building B', 60),
(5006, 'Building C', 80),
(5007, 'Building D', 35),
(5008, 'Building D', 70),
(5009, 'Building E', 45),
(5010, 'Building E', 90);

INSERT INTO TimeSlot (timeslot_id, start_time, end_time) VALUES
(6001, '09:00:00', '10:30:00'),
(6002, '11:00:00', '12:30:00'),
(6003, '14:00:00', '15:30:00'),
(6004, '10:00:00', '11:00:00'),
(6005, '12:00:00', '13:00:00'),
(6006, '15:00:00', '16:00:00'),
(6007, '08:00:00', '09:30:00'),
(6008, '13:00:00', '14:30:00'),
(6009, '16:00:00', '17:30:00'),
(6010, '17:00:00', '18:30:00');


INSERT INTO ClassSchedule (schedule_id, course_id, professor_id, term_id, room_id, timeslot_id, day_of_week) VALUES

(7001, 3001, 2001, 4001, 5001, 6001, 'Monday'),
(7002, 3002, 2001, 4001, 5002, 6002, 'Wednesday'),
(7003, 3003, 2002, 4001, 5003, 6003, 'Tuesday'),
(7004, 3004, 2003, 4002, 5001, 6001, 'Thursday'),
(7005, 3005, 2001, 4002, 5002, 6004, 'Friday'),
(7006, 3006, 2002, 4002, 5003, 6005, 'Monday'),
(7007, 3007, 2003, 4002, 5004, 6006, 'Wednesday'),
(7008, 3008, 2004, 4002, 5005, 6007, 'Tuesday'),
(7009, 3009, 2005, 4003, 5006, 6008, 'Thursday'),
(7010, 3010, 2006, 4003, 5007, 6009, 'Friday'),
(7011, 3001, 2001, 4003, 5008, 6001, 'Tuesday'),
(7012, 3002, 2003, 4003, 5009, 6002, 'Thursday'),
(7013, 3003, 2002, 4003, 5010, 6003, 'Monday'),
(7014, 3011, 2007, 4004, 5001, 6004, 'Wednesday'),
(7015, 3012, 2008, 4004, 5002, 6005, 'Tuesday'),
(7016, 3013, 2009, 4004, 5003, 6006, 'Thursday'),
(7017, 3014, 2001, 4004, 5004, 6007, 'Friday'),
(7018, 3015, 2010, 4004, 5005, 6008, 'Monday'),
(7019, 3016, 2003, 4004, 5006, 6009, 'Wednesday'),
(7020, 3017, 2004, 4005, 5007, 6010, 'Tuesday'),
(7021, 3018, 2005, 4005, 5008, 6001, 'Thursday'),
(7022, 3019, 2006, 4005, 5009, 6002, 'Friday'),
(7023, 3020, 2007, 4005, 5010, 6003, 'Monday'),
(7024, 3021, 2008, 4005, 5001, 6004, 'Tuesday'),
(7025, 3022, 2009, 4005, 5002, 6005, 'Wednesday');

INSERT INTO Grade (student_id, course_id, term_id, grade) VALUES
(1001, 3001, 4001, 'A'),
(1001, 3002, 4001, 'B+'),
(1002, 3003, 4001, 'A-'),
(1003, 3001, 4002, 'C');

INSERT INTO professor_course (pc_id, professor_id, course_id, term_id) VALUES
(1, 2005, 3001, 4001),  -- Fall 2023
(2, 2011, 3002, 4001),
(3, 2008, 3003, 4002),  -- Spring 2024
(4, 2004, 3004, 4002),
(5, 2002, 3005, 4001),
(6, 2003, 3006, 4001),
(7, 2006, 3007, 4002),
(8, 2007, 3008, 4002),
(9, 2009, 3009, 4001),
(10, 2010, 3010, 4001),
(11, 2001, 3011, 4002),
(12, 2012, 3012, 4002),
(13, 2005, 3013, 4003),  -- Summer 2024
(14, 2004, 3014, 4003),
(15, 2002, 3015, 4003),
(16, 2003, 3016, 4003),
(17, 2006, 3017, 4004),  -- Fall 2024
(18, 2007, 3018, 4004),
(19, 2008, 3019, 4004),
(20, 2009, 3020, 4004),
(21, 2010, 3021, 4004),
(22, 2011, 3022, 4004),
(23, 2001, 3023, 4005),  -- Spring 2025
(24, 2012, 3024, 4005),
(25, 2005, 3025, 4005),
(26, 2004, 3026, 4005),
(27, 2002, 3027, 4005),
(28, 2003, 3028, 4005),
(29, 2006, 3029, 4005),
(30, 2007, 3030, 4005);

INSERT INTO course_completion (completion_id, student_id, course_id, completion_date, grade) VALUES
(1, 1001, 3001, '2023-12-10', 'A'),
(2, 1002, 3002, '2023-12-12', 'B+'),
(3, 1003, 3003, '2024-05-05', 'A-'),
(4, 1004, 3004, '2024-05-07', 'B'),
(5, 1005, 3005, '2024-08-10', 'A'),
(6, 1006, 3006, '2023-12-14', 'B+'),
(7, 1007, 3007, '2024-05-08', 'A'),
(8, 1008, 3008, '2024-08-12', 'B-'),
(9, 1009, 3009, '2023-12-13', 'A'),
(10, 1010, 3010, '2024-05-09', 'C+'),
(11, 1011, 3011, '2024-08-13', 'B'),
(12, 1012, 3012, '2023-12-11', 'A-'),
(13, 1013, 3013, '2024-05-06', 'A'),
(14, 1014, 3014, '2024-08-14', 'B+'),
(15, 1015, 3015, '2023-12-12', 'C'),
(16, 1016, 3016, '2024-05-10', 'B+'),
(17, 1017, 3017, '2024-08-15', 'A'),
(18, 1018, 3018, '2023-12-13', 'B-'),
(19, 1019, 3019, '2024-05-08', 'A'),
(20, 1020, 3020, '2024-08-12', 'B+'),
(21, 1021, 3021, '2023-12-14', 'A'),
(22, 1022, 3022, '2024-05-07', 'C+'),
(23, 1023, 3023, '2024-08-13', 'B'),
(24, 1024, 3024, '2023-12-15', 'A-'),
(25, 1025, 3025, '2024-05-09', 'A'),
(26, 1026, 3026, '2024-08-14', 'B+'),
(27, 1027, 3027, '2023-12-10', 'A'),
(28, 1028, 3028, '2024-05-06', 'C'),
(29, 1029, 3029, '2024-08-11', 'B+'),
(30, 1030, 3030, '2023-12-11', 'A');